Founder,Skills,Experience
Jerome Walker,databasemanagement cloudcomputing,legal marketing retail
Eric Smith,devops python strategicplanning,humanresources customerservice healthcare
Angela Gaines,c++ productmanagement businessdevelopment datascience financialmodeling,software legal
Caitlyn Mercado,communicationskills devops,sales
Cameron Pollard,javascript ui/uxdesign,construction energy researchanddevelopment
Mark Short,devops businessdevelopment productmanagement,healthcare hospitality
Megan Gutierrez,leadership c++ ui/uxdesign,manufacturing other
Marvin Reynolds,businessdevelopment negotiation javascript productmanagement,finance financialservices
Miss Kelly Miller MD,fullstackdevelopment devops javascript,financialservices hospitality marketing
Nancy Hammond,machinelearning javascript databasemanagement negotiation,mining media
Adam Thomas,projectmanagement java webdevelopment financialmodeling,mining software media
Dr. Tina Williams,machinelearning java python financialmodeling,customerservice marketing
Beth Allen,negotiation,realestate
Samantha Brown,machinelearning operationsmanagement ruby c++ sales,legal finance
Brandon Ball,c++,education
Vanessa Brown,marketresearch datascience,telecommunications software
Jessica Bennett,marketing python communicationskills cloudcomputing,operations media mining
Kaylee Lin,marketresearch negotiation strategicplanning,energy
Joshua Patel,negotiation c++ sales communicationskills,marketing
Tiffany Ross,mobileappdevelopment,researchanddevelopment government
Richard Gray,financialmodeling datascience machinelearning marketing databasemanagement,entertainment manufacturing hospitality
Kristen Marks,communicationskills marketresearch webdevelopment datascience,entertainment
Thomas Yoder,python databasemanagement,other
Debra Johnson,ruby leadership financialmodeling python businessdevelopment,hospitality accounting
Tara Pierce,c++,customerservice energy
Brenda Stanton,networking marketresearch javascript sales communicationskills,realestate researchanddevelopment
Lauren Smith,datascience cloudcomputing python ui/uxdesign,finance software
Shawn Huber,marketresearch leadership operationsmanagement machinelearning devops,telecommunications humanresources
Jennifer Lamb,projectmanagement,humanresources legal marketing
Devon Waters,financialmodeling cloudcomputing strategicplanning mobileappdevelopment fullstackdevelopment,media agriculture
Ashley Smith,presentationskills databasemanagement machinelearning negotiation,humanresources
Karen Weber,businessdevelopment databasemanagement,realestate
Corey Gutierrez,ruby marketresearch webdevelopment productmanagement,media accounting finance
Christian Stewart,databasemanagement,transportation construction entertainment
April Bowman,financialmodeling presentationskills productmanagement fullstackdevelopment,telecommunications
Diana Moore,cloudcomputing sales networking,hospitality entertainment marketing
Julie Thompson,ruby,retail mining
Donald Phillips,marketing financialmodeling sales fullstackdevelopment,humanresources
Mary Alexander,java fullstackdevelopment sales,realestate financialservices marketing
Anna Adams,businessdevelopment ui/uxdesign,informationtechnology
David Simmons,financialmodeling java machinelearning,marketing media
Kim Leonard,negotiation datascience webdevelopment,nonprofit
Paul Johnson,businessdevelopment leadership,informationtechnology
Jessica Coleman,negotiation ui/uxdesign financialmodeling presentationskills,operations sales
Cindy Green,marketresearch,transportation
Adam Gutierrez,strategicplanning java marketing,energy customerservice
Justin Miller,marketresearch projectmanagement datascience financialmodeling marketing,media
Lindsey Hobbs,presentationskills databasemanagement operationsmanagement,realestate humanresources
Bill Gilbert,ui/uxdesign machinelearning strategicplanning projectmanagement python,government agriculture education
Melanie Watson,ui/uxdesign strategicplanning mobileappdevelopment marketresearch,accounting
Michael Rivers,financialmodeling,realestate
Ashley Lane,negotiation communicationskills operationsmanagement datascience fullstackdevelopment,informationtechnology
Donna Grant,businessdevelopment marketresearch,other manufacturing media
Jonathan Arellano,java presentationskills,software
Jacqueline Allison,marketresearch cloudcomputing,other
Steven Mcbride,marketresearch python strategicplanning networking,finance
Shannon Wells,financialmodeling operationsmanagement cloudcomputing python,healthcare humanresources construction
Samantha Jacobs,datascience networking presentationskills,sales finance
Christopher Juarez,fullstackdevelopment machinelearning,humanresources
Janice Gray,strategicplanning,customerservice mining healthcare
Autumn Garcia,mobileappdevelopment java fullstackdevelopment cloudcomputing,entertainment
Steve Williams,datascience operationsmanagement c++ mobileappdevelopment marketing,researchanddevelopment
Angela Herman,c++ networking fullstackdevelopment strategicplanning databasemanagement,sales mining accounting
Brent Campbell,projectmanagement devops java mobileappdevelopment,nonprofit energy
Charles Beck,presentationskills projectmanagement marketing communicationskills mobileappdevelopment,finance sales software
Diamond Brock DDS,productmanagement mobileappdevelopment operationsmanagement,telecommunications software education
Carlos Flores,financialmodeling javascript c++,informationtechnology construction humanresources
Paul Wells,java,agriculture other marketing
Darren Smith,javascript fullstackdevelopment leadership projectmanagement,humanresources retail operations
Angela Smith,fullstackdevelopment datascience devops ruby communicationskills,legal
Jennifer Garcia,operationsmanagement cloudcomputing webdevelopment communicationskills ruby,realestate
Jason Smith,webdevelopment marketing datascience businessdevelopment python,nonprofit government
Sean Robertson,networking ruby financialmodeling,telecommunications sales retail
Heidi Simpson,c++ fullstackdevelopment,transportation researchanddevelopment legal
Dalton Vasquez,devops java,construction
Amy Guzman,c++ marketresearch machinelearning javascript devops,legal
Brian Kennedy,leadership ui/uxdesign fullstackdevelopment c++ mobileappdevelopment,energy other retail
Thomas Delacruz,webdevelopment ruby databasemanagement,government finance construction
Eduardo Hayes,operationsmanagement,energy entertainment
Kimberly Bowman,marketresearch,education
Erik Buchanan,fullstackdevelopment java,accounting
Patrick Price,fullstackdevelopment negotiation operationsmanagement databasemanagement python,healthcare construction
Joshua Garza,projectmanagement marketresearch machinelearning ui/uxdesign ruby,customerservice financialservices legal
April Lewis,fullstackdevelopment marketing datascience,energy humanresources
Richard Rivera,projectmanagement webdevelopment machinelearning,customerservice humanresources
Doris Wolf,ruby businessdevelopment financialmodeling machinelearning presentationskills,operations
Aaron Simon,productmanagement webdevelopment leadership marketresearch cloudcomputing,retail mining government
Elizabeth Russell,java,marketing
Rachel Thomas,businessdevelopment datascience leadership presentationskills,financialservices construction government
Nancy Jones,devops fullstackdevelopment businessdevelopment strategicplanning,manufacturing legal transportation
Peter Webster,marketresearch datascience networking fullstackdevelopment productmanagement,researchanddevelopment
Jason Barnes,productmanagement networking,government entertainment
Maureen Diaz,machinelearning ruby operationsmanagement,marketing
Melissa Miller,ruby negotiation devops cloudcomputing,nonprofit manufacturing
Natalie Cooper,leadership,hospitality informationtechnology agriculture
Christopher Oconnor,marketresearch communicationskills presentationskills,transportation entertainment
Jose King,datascience operationsmanagement,transportation
Karen Davis,cloudcomputing,financialservices hospitality legal
Brad Nelson,mobileappdevelopment projectmanagement ruby,other entertainment
Lindsay Soto,c++ leadership,construction customerservice
Jessica Rogers,mobileappdevelopment projectmanagement operationsmanagement presentationskills ruby,healthcare
Douglas Robinson,c++,government transportation other
Cameron Greene,c++ leadership datascience,retail
Michael Rivera,sales,hospitality researchanddevelopment
Jennifer Hawkins,businessdevelopment c++ marketresearch,humanresources
John Lawrence,devops presentationskills,accounting
Vincent Gutierrez,projectmanagement webdevelopment marketing fullstackdevelopment ui/uxdesign,nonprofit
Eric Marshall,operationsmanagement strategicplanning financialmodeling java datascience,researchanddevelopment telecommunications realestate
Pamela White,marketresearch datascience webdevelopment,researchanddevelopment energy realestate
Stephen Daniels,networking machinelearning,sales finance
Lindsay Wright,strategicplanning datascience projectmanagement,marketing legal
Samantha Hamilton,businessdevelopment java python mobileappdevelopment productmanagement,researchanddevelopment accounting retail
Diamond Perry,java presentationskills ruby,hospitality
Sherry Allen,businessdevelopment financialmodeling javascript machinelearning mobileappdevelopment,informationtechnology
Brian Coleman,python fullstackdevelopment networking webdevelopment datascience,government
Miranda Lewis,businessdevelopment financialmodeling java,software legal manufacturing
Jeffrey Clark,webdevelopment,researchanddevelopment
Mr. Cody Johnson,financialmodeling c++ machinelearning databasemanagement,financialservices
Wendy Boone,webdevelopment presentationskills financialmodeling,nonprofit telecommunications
Daniel Payne,cloudcomputing presentationskills python,manufacturing retail
Martin Bryant,databasemanagement java sales negotiation,realestate entertainment
Brian Stewart,projectmanagement marketing presentationskills,education financialservices manufacturing
Sarah Williams,datascience,mining financialservices
Dana Garcia,java fullstackdevelopment,realestate
William Luna,marketresearch machinelearning strategicplanning javascript sales,mining
Janet Maddox,negotiation webdevelopment fullstackdevelopment,sales mining nonprofit
Kayla Fletcher,negotiation java devops,informationtechnology mining energy
Dawn Mccormick,datascience databasemanagement sales financialmodeling,informationtechnology marketing
Claudia Evans,cloudcomputing projectmanagement operationsmanagement javascript c++,education software
Gina Freeman,strategicplanning,operations healthcare
John Rodgers,fullstackdevelopment marketresearch sales ruby,agriculture humanresources
Jason Bryant,networking datascience ui/uxdesign sales,financialservices construction finance
Amanda Morales,datascience databasemanagement financialmodeling,informationtechnology finance
Leah Berg,operationsmanagement cloudcomputing devops strategicplanning,manufacturing
Anthony Nelson,python leadership financialmodeling negotiation,humanresources nonprofit
Carol Torres,webdevelopment ui/uxdesign businessdevelopment negotiation javascript,telecommunications customerservice
Melissa Rodriguez,negotiation presentationskills webdevelopment,sales realestate hospitality
Scott Ortiz,marketresearch productmanagement databasemanagement sales businessdevelopment,realestate
Jimmy Lopez,leadership businessdevelopment marketresearch python communicationskills,retail customerservice finance
James Hoffman,businessdevelopment projectmanagement marketing,hospitality telecommunications informationtechnology
Michaela Scott,marketresearch webdevelopment negotiation projectmanagement,software
Jessica Sanders,presentationskills datascience marketresearch java,hospitality marketing nonprofit
Christian Hawkins,businessdevelopment javascript projectmanagement fullstackdevelopment,construction
Robert Harris,financialmodeling fullstackdevelopment operationsmanagement,other telecommunications
Michael Jones,communicationskills sales leadership webdevelopment negotiation,financialservices
Luke Clark,leadership,accounting transportation customerservice
Michael Mccarthy,mobileappdevelopment python ui/uxdesign databasemanagement negotiation,realestate marketing
Laurie Spencer,negotiation leadership webdevelopment,media transportation marketing
Breanna Oconnor,ui/uxdesign businessdevelopment,agriculture
Tiffany Garner,sales projectmanagement negotiation networking,education nonprofit
Lisa Carr,sales productmanagement ruby,government
Danielle Malone,datascience leadership python databasemanagement productmanagement,energy mining
Michael Henry,c++ sales,operations realestate
Karen Bailey,marketresearch marketing mobileappdevelopment leadership ui/uxdesign,transportation legal
Crystal Lucero,ruby presentationskills javascript marketing,marketing
Debra Jones,projectmanagement fullstackdevelopment businessdevelopment machinelearning,legal healthcare hospitality
Brandon Green,sales,nonprofit
Mrs. Amanda Chambers,productmanagement mobileappdevelopment,manufacturing
Scott Powell MD,cloudcomputing financialmodeling leadership,nonprofit
Sherry Spencer,c++,government legal
Erica Morales,fullstackdevelopment mobileappdevelopment,sales
Morgan Gross,c++ strategicplanning projectmanagement marketing businessdevelopment,government
Gina Gutierrez,productmanagement leadership strategicplanning projectmanagement,entertainment hospitality government
Brittany Morris,databasemanagement mobileappdevelopment productmanagement,agriculture
Terri Becker,cloudcomputing java communicationskills datascience,nonprofit healthcare software
George Cox,productmanagement java c++ leadership,transportation nonprofit government
John Gay,mobileappdevelopment java marketresearch,customerservice
Christopher Haley,fullstackdevelopment java,retail
Shelia Campos,devops ruby operationsmanagement,other
Joshua Oliver,databasemanagement leadership projectmanagement financialmodeling,researchanddevelopment
Ashley Arnold,cloudcomputing,government informationtechnology
Cheryl Rangel,leadership mobileappdevelopment c++,government informationtechnology manufacturing
Desiree Lopez,projectmanagement mobileappdevelopment,customerservice legal
Craig Andrews,negotiation,customerservice telecommunications operations
Wesley Velasquez,datascience ruby webdevelopment,customerservice mining
Dennis Hill,sales devops,operations researchanddevelopment realestate
Laura Diaz,communicationskills javascript java,customerservice
Phillip Hill,leadership devops mobileappdevelopment,financialservices
Steven Ali,negotiation sales,operations customerservice
Melissa Stephens,presentationskills operationsmanagement,informationtechnology
Nicholas Ruiz,python,entertainment
David Hernandez,sales negotiation devops javascript,operations finance software
Mr. Justin Jones,communicationskills leadership,customerservice
Thomas Melendez,projectmanagement webdevelopment marketing datascience,media telecommunications realestate
Greg Holmes,sales machinelearning datascience databasemanagement,customerservice retail
Christopher Brown,python,government
Melanie James,machinelearning leadership strategicplanning businessdevelopment,sales
John Armstrong,devops machinelearning java javascript,legal
Christina Stone,javascript,software nonprofit
Adriana Salazar,communicationskills databasemanagement,sales
Mario Rogers,strategicplanning,financialservices education transportation
Jennifer Fleming,marketresearch java negotiation python projectmanagement,entertainment telecommunications
Sara Martin,financialmodeling mobileappdevelopment webdevelopment leadership,government
Margaret Johnson,ruby presentationskills strategicplanning projectmanagement devops,mining
Susan Diaz,negotiation python operationsmanagement java marketing,sales customerservice government
Morgan Thomas,productmanagement ruby presentationskills,financialservices realestate healthcare
James Gonzalez,ruby operationsmanagement javascript ui/uxdesign,entertainment transportation
Paula Choi,negotiation marketing ruby marketresearch,finance
Melissa Valdez,fullstackdevelopment sales,manufacturing customerservice researchanddevelopment
Matthew Powers,fullstackdevelopment financialmodeling leadership projectmanagement machinelearning,accounting sales
Catherine Morris,strategicplanning,manufacturing
Nicole Jackson,strategicplanning communicationskills operationsmanagement negotiation leadership,finance
Paul Davis,strategicplanning c++ operationsmanagement,other manufacturing
Sandra Oconnell,cloudcomputing operationsmanagement python ruby fullstackdevelopment,realestate retail hospitality
Darren Sanchez,fullstackdevelopment,finance government
Christine Mcclain,negotiation cloudcomputing businessdevelopment sales,hospitality financialservices software
Rachel Peters,webdevelopment databasemanagement operationsmanagement financialmodeling datascience,legal customerservice
David Simon,strategicplanning webdevelopment,accounting
Crystal Short,strategicplanning operationsmanagement,education financialservices legal
Terry Maxwell,databasemanagement devops networking fullstackdevelopment,researchanddevelopment other government
Ethan Olson,operationsmanagement sales databasemanagement negotiation,education humanresources
Stefanie White,marketing machinelearning strategicplanning fullstackdevelopment,telecommunications
Elizabeth Johnson,strategicplanning,sales
Melissa Welch,databasemanagement devops python strategicplanning projectmanagement,nonprofit healthcare accounting
Charles Jones,databasemanagement,realestate
Mariah Webb,marketing mobileappdevelopment sales python,agriculture retail
Jamie Diaz,presentationskills sales,financialservices
Richard Brown,marketing strategicplanning machinelearning,software government customerservice
Kristina Robinson,java marketing presentationskills,accounting
Ryan Chambers,c++ strategicplanning ui/uxdesign,nonprofit sales legal
Juan Smith,communicationskills sales ruby negotiation devops,healthcare hospitality manufacturing
Michael Allen,databasemanagement mobileappdevelopment marketresearch projectmanagement datascience,agriculture hospitality customerservice
Tiffany Wood,strategicplanning cloudcomputing marketing,entertainment
Emily Brown,java productmanagement communicationskills,energy customerservice
Mrs. Laura Hopkins,datascience strategicplanning c++,accounting
Michelle Henderson,businessdevelopment,nonprofit financialservices
Leah Hodge,java productmanagement projectmanagement,informationtechnology
Joseph Wright,operationsmanagement communicationskills machinelearning,energy agriculture realestate
Zoe Chambers,c++,accounting media
Claire Jordan,networking,hospitality
Michael Wells,businessdevelopment presentationskills operationsmanagement projectmanagement,energy
Mark Reed,leadership,operations accounting
Amy Arnold,devops python java businessdevelopment,sales education telecommunications
Stephanie Cain,javascript cloudcomputing networking datascience operationsmanagement,operations humanresources
Harold Kennedy,c++ java businessdevelopment negotiation projectmanagement,realestate
John Marsh,operationsmanagement cloudcomputing,other mining
Tina Gardner,negotiation,accounting
Gregory Brock,fullstackdevelopment,legal
Steve Fischer,devops operationsmanagement,accounting other marketing
Joseph Daniels,communicationskills networking productmanagement machinelearning python,sales software
William Wilson,marketresearch,humanresources retail entertainment
Steven Smith,mobileappdevelopment datascience,realestate manufacturing nonprofit
Nicole Hicks,networking businessdevelopment strategicplanning,software
Andrew Garcia,financialmodeling,energy accounting education
Nathan Rodriguez,operationsmanagement leadership,agriculture nonprofit
Pamela Ross,c++ ruby fullstackdevelopment,nonprofit other
Mckenzie Schmitt,leadership,researchanddevelopment healthcare agriculture
Brett Cook,devops negotiation leadership mobileappdevelopment,healthcare telecommunications informationtechnology
Gloria Jackson,cloudcomputing mobileappdevelopment datascience,manufacturing mining
Seth Cooper,marketing ruby machinelearning,accounting retail software
Michael Shaw,machinelearning businessdevelopment ui/uxdesign,informationtechnology
Lisa Adkins,java,operations accounting
Crystal Armstrong,negotiation ruby,government customerservice
Jason Heath,strategicplanning devops,energy
Debra Chaney,ui/uxdesign networking marketing fullstackdevelopment strategicplanning,education sales telecommunications
Carl Schmidt,java financialmodeling,sales transportation other
Renee Wright,ruby databasemanagement,other legal realestate
Jessica Cruz,strategicplanning,mining
Wendy Jones,communicationskills mobileappdevelopment ruby,entertainment
Jared Burgess,operationsmanagement ui/uxdesign leadership projectmanagement,manufacturing
Christopher Taylor,devops leadership machinelearning,researchanddevelopment legal
Francisco Nguyen,presentationskills ui/uxdesign,agriculture operations energy
Richard Watkins,businessdevelopment marketing python cloudcomputing networking,retail
John Moss,operationsmanagement productmanagement,energy government informationtechnology
Christopher Campos,sales ui/uxdesign financialmodeling datascience fullstackdevelopment,informationtechnology
Ryan Colon,sales negotiation,retail entertainment
Cynthia Scott,devops leadership c++,humanresources education informationtechnology
Shannon Freeman,devops negotiation cloudcomputing,hospitality customerservice retail
Henry Sherman,fullstackdevelopment productmanagement projectmanagement ui/uxdesign mobileappdevelopment,legal
Margaret Carlson,projectmanagement webdevelopment presentationskills,financialservices
Mrs. Rachel Green,machinelearning ruby java,hospitality
Erik Lee,leadership sales cloudcomputing,nonprofit agriculture realestate
Thomas Lawson,communicationskills,healthcare financialservices
Christopher Hartman,fullstackdevelopment cloudcomputing presentationskills businessdevelopment databasemanagement,telecommunications realestate nonprofit
Brianna Davis,projectmanagement sales machinelearning,software
Allison Jackson,financialmodeling cloudcomputing mobileappdevelopment,informationtechnology financialservices media
Anna Lin,networking cloudcomputing presentationskills negotiation,manufacturing government
Brian Bennett,marketresearch devops,humanresources legal finance
Maureen Roberts,fullstackdevelopment cloudcomputing operationsmanagement,customerservice
Deanna Chase,marketresearch python javascript,education hospitality financialservices
Chelsey Shaffer,operationsmanagement machinelearning webdevelopment mobileappdevelopment,energy healthcare nonprofit
Jeremy Walker,webdevelopment strategicplanning datascience java ui/uxdesign,healthcare
Daniel Ball,financialmodeling networking productmanagement,finance construction
Jennifer Ellis,communicationskills datascience sales,customerservice education
Kyle Rogers,financialmodeling negotiation python webdevelopment c++,humanresources
Mark Roth,ruby fullstackdevelopment devops databasemanagement java,customerservice software
Johnny Guerrero,databasemanagement machinelearning projectmanagement cloudcomputing,software education sales
James Martinez,presentationskills,financialservices
Tara Costa,fullstackdevelopment datascience cloudcomputing productmanagement,retail
John Klein,cloudcomputing,energy informationtechnology
Amanda Campos,machinelearning projectmanagement,agriculture financialservices
Kevin Brown,webdevelopment python projectmanagement databasemanagement marketresearch,entertainment
Joshua Mccoy,cloudcomputing,entertainment customerservice government
Ryan Keller,financialmodeling,government realestate
Christina Hernandez,negotiation,manufacturing education
Carla Waller,leadership,entertainment legal telecommunications
Jennifer Kelly,marketresearch datascience financialmodeling productmanagement,healthcare education
Autumn Mays,cloudcomputing,media education
Tiffany Shaw,negotiation ui/uxdesign c++,nonprofit
Anne Norman,ui/uxdesign marketresearch negotiation networking cloudcomputing,financialservices sales entertainment
Gwendolyn Casey DVM,cloudcomputing devops financialmodeling,finance customerservice healthcare
Reginald Lynn,projectmanagement leadership mobileappdevelopment financialmodeling networking,manufacturing retail
James Sellers,communicationskills financialmodeling javascript webdevelopment,construction
Robert Taylor,machinelearning mobileappdevelopment operationsmanagement ui/uxdesign negotiation,agriculture transportation
Jason Foley,python marketresearch projectmanagement fullstackdevelopment,software informationtechnology
Ryan Gray,negotiation marketresearch,other
Gabriel Garcia,operationsmanagement java,finance realestate construction
Nicole Jones,java,energy telecommunications
Sharon Franklin,marketresearch webdevelopment networking ui/uxdesign,operations software mining
Kimberly Walker,productmanagement,media
Michelle Shaffer,projectmanagement leadership cloudcomputing javascript,financialservices telecommunications
Teresa Ford,businessdevelopment java communicationskills,humanresources
Natasha Brown,productmanagement fullstackdevelopment networking,software
Robert Campbell,projectmanagement machinelearning leadership javascript marketing,agriculture software
Andrea Rice,python,telecommunications customerservice humanresources
Lindsey Hamilton,presentationskills webdevelopment,mining healthcare education
Jeffrey Santiago,java financialmodeling projectmanagement,finance accounting marketing
Sarah Burns,sales presentationskills productmanagement machinelearning financialmodeling,media manufacturing
Angel Gregory,ruby negotiation presentationskills,customerservice telecommunications
Daniel Morris,communicationskills operationsmanagement,transportation
Larry Bonilla,businessdevelopment sales python,media accounting
Katrina Jenkins,machinelearning mobileappdevelopment,transportation
Benjamin Armstrong,c++ ruby,healthcare construction telecommunications
Whitney Williams,ruby ui/uxdesign leadership communicationskills python,legal marketing humanresources
Brandon Mckee,mobileappdevelopment java,healthcare accounting retail
Kristi Bates DVM,negotiation webdevelopment databasemanagement productmanagement marketing,researchanddevelopment financialservices humanresources
Hailey Gutierrez,datascience strategicplanning,government telecommunications
Anthony Mendoza,financialmodeling operationsmanagement strategicplanning,informationtechnology
Christine Friedman,machinelearning communicationskills cloudcomputing javascript businessdevelopment,retail accounting
David Nielsen,cloudcomputing databasemanagement,humanresources energy
Cassie Smith,java marketing devops python,construction software
Jill Martinez,financialmodeling fullstackdevelopment,education hospitality finance
Richard Gonzalez,productmanagement,software
Lee Morrow,projectmanagement ui/uxdesign cloudcomputing,informationtechnology agriculture government
Charles Jones,strategicplanning ruby communicationskills productmanagement operationsmanagement,manufacturing government
Kayla Hicks,ruby javascript strategicplanning machinelearning,finance telecommunications
Kayla Torres,java,software agriculture
Richard Gonzalez,marketresearch,financialservices
Samantha Lee,machinelearning webdevelopment mobileappdevelopment c++,researchanddevelopment hospitality
Donald Adams,financialmodeling operationsmanagement datascience,telecommunications education
Karen Griffin,projectmanagement networking ui/uxdesign,government agriculture media
Christopher Robbins,cloudcomputing c++,sales
Jenna Gillespie,ui/uxdesign financialmodeling,realestate operations transportation
Jeremy Torres,operationsmanagement datascience networking presentationskills c++,telecommunications
Eric Moore,projectmanagement strategicplanning,operations humanresources entertainment
Beverly Curtis,productmanagement,entertainment hospitality
Patrick Henderson,webdevelopment productmanagement,software informationtechnology agriculture
Douglas Suarez,financialmodeling presentationskills python java,financialservices telecommunications
Joseph Sanchez,networking,transportation legal
Nicole Benson,financialmodeling,telecommunications entertainment
Dana Henson,businessdevelopment financialmodeling databasemanagement,entertainment healthcare
Anthony Cruz,sales productmanagement projectmanagement ui/uxdesign java,other finance mining
Emily Gardner,leadership,marketing manufacturing finance
Mark Salinas,operationsmanagement productmanagement negotiation presentationskills,agriculture financialservices legal
Cassidy Nixon,python cloudcomputing financialmodeling,legal telecommunications
Ashley Blankenship,ui/uxdesign financialmodeling,education nonprofit
Joshua Welch,networking databasemanagement,humanresources
Nicole Smith,operationsmanagement financialmodeling javascript strategicplanning marketresearch,accounting mining
Eduardo Avery,productmanagement java,media telecommunications
Mary Brown,ui/uxdesign devops fullstackdevelopment productmanagement,informationtechnology
Travis Boyer,c++ productmanagement businessdevelopment,accounting financialservices legal
Joshua Berg,financialmodeling mobileappdevelopment sales,mining informationtechnology
Michael King,sales machinelearning mobileappdevelopment java,retail
Jessica Cross,mobileappdevelopment c++ negotiation datascience businessdevelopment,healthcare operations telecommunications
David Moore,ruby marketing mobileappdevelopment,construction telecommunications sales
Kenneth Richardson,cloudcomputing machinelearning fullstackdevelopment,education informationtechnology other
David Phelps,negotiation leadership ruby c++,nonprofit
Tracy Rodriguez DDS,ui/uxdesign networking marketresearch financialmodeling ruby,education entertainment
Amy Coleman,databasemanagement productmanagement operationsmanagement,media other
Alex Stewart,ui/uxdesign devops operationsmanagement fullstackdevelopment marketresearch,agriculture realestate government
Gerald Johnson,productmanagement devops java databasemanagement cloudcomputing,realestate energy
Mariah Chandler,leadership ui/uxdesign,customerservice
Joshua Jackson,negotiation webdevelopment java,sales other education
Nina Sanchez,businessdevelopment ui/uxdesign ruby,legal government
Raymond Huff,c++ java,finance marketing
Kaitlin Hansen,strategicplanning,construction
Noah White,operationsmanagement projectmanagement strategicplanning,customerservice agriculture
Jonathon Howard,businessdevelopment networking,manufacturing
Paul Ritter,c++ productmanagement networking,government construction
Hannah Goodman,datascience strategicplanning mobileappdevelopment,humanresources researchanddevelopment financialservices
Michael Boyd,c++ presentationskills javascript,entertainment manufacturing
Anthony Perkins,machinelearning,software
Jonathan Mcmillan,communicationskills projectmanagement,legal
Amber Vaughn,productmanagement,customerservice software
Katelyn Ali,mobileappdevelopment fullstackdevelopment machinelearning webdevelopment,humanresources researchanddevelopment financialservices
Vickie Norris,operationsmanagement c++ negotiation fullstackdevelopment businessdevelopment,humanresources entertainment media
Sharon Benson,javascript devops webdevelopment databasemanagement java,other
Leslie Cruz,negotiation,healthcare manufacturing realestate
Mary Gibson,ui/uxdesign cloudcomputing java mobileappdevelopment leadership,manufacturing
Stephen Clark,java productmanagement,marketing operations customerservice
Aaron Melton,businessdevelopment marketing communicationskills,operations
Patricia Carroll,networking,financialservices
Todd Martin,businessdevelopment presentationskills marketresearch,legal hospitality
Kenneth Madden,ui/uxdesign communicationskills devops,transportation accounting telecommunications
David Mooney,productmanagement marketresearch financialmodeling,humanresources healthcare
Robin Cross,marketing financialmodeling devops,operations customerservice software
Justin Baker,sales python devops productmanagement financialmodeling,education
Angela Porter,marketresearch machinelearning mobileappdevelopment databasemanagement presentationskills,telecommunications realestate
Andrew Morgan,ruby leadership devops machinelearning businessdevelopment,humanresources
Logan Simon,marketing fullstackdevelopment,transportation manufacturing
Anna Bell,devops financialmodeling leadership communicationskills,mining
James Giles,databasemanagement,government researchanddevelopment accounting
Richard Byrd,sales javascript,finance nonprofit
Brian Armstrong,ui/uxdesign fullstackdevelopment,education telecommunications finance
Andrew Myers,c++,researchanddevelopment
Alexandra Pugh,sales businessdevelopment,retail
Erin Baker DDS,productmanagement databasemanagement,realestate entertainment construction
Diana Moon,mobileappdevelopment sales webdevelopment c++,realestate
Andrea Gibbs,webdevelopment negotiation,agriculture informationtechnology
Andrea Norris,ui/uxdesign negotiation databasemanagement,informationtechnology
Linda Reyes,networking webdevelopment databasemanagement leadership,sales
Amanda Hill,ui/uxdesign databasemanagement cloudcomputing leadership,hospitality customerservice entertainment
Mallory Valenzuela DDS,operationsmanagement projectmanagement leadership ui/uxdesign,agriculture
John Sanchez,datascience,transportation customerservice
Lynn Cross,negotiation leadership databasemanagement ui/uxdesign ruby,education legal
Tina Lopez,financialmodeling,media mining
Austin Williams,c++ devops,other mining government
Heather Erickson,ui/uxdesign machinelearning strategicplanning operationsmanagement,researchanddevelopment software
Randall Hodge,productmanagement devops networking java,customerservice
Lisa George,networking cloudcomputing,media
Vanessa Malone,datascience webdevelopment python mobileappdevelopment,telecommunications other
Joseph Morrison,python sales productmanagement,financialservices
Jacob Howell,financialmodeling operationsmanagement,agriculture entertainment
Brianna Richmond,javascript,nonprofit energy humanresources
Michael Stevens,networking mobileappdevelopment businessdevelopment marketing,education transportation
Steven Wright,devops leadership communicationskills,agriculture energy education
Dr. Christina Lewis,cloudcomputing,nonprofit retail
Anthony Richards,productmanagement presentationskills leadership businessdevelopment cloudcomputing,retail customerservice
Patrick Acosta,webdevelopment communicationskills java productmanagement devops,manufacturing
Monica Kennedy,leadership networking,transportation healthcare legal
Kellie Tucker,businessdevelopment mobileappdevelopment communicationskills datascience,researchanddevelopment education
Lisa Davis,databasemanagement javascript marketresearch java,marketing retail education
Stacy Wilson,datascience,hospitality nonprofit
Dawn Callahan,c++ datascience negotiation communicationskills mobileappdevelopment,retail government operations
Benjamin Miles,mobileappdevelopment,media hospitality
Zachary White,presentationskills ruby,entertainment energy education
Aaron Franco,python sales ui/uxdesign,customerservice
Rebecca Tran,operationsmanagement,informationtechnology
Kathleen Lee,c++ communicationskills marketresearch presentationskills,telecommunications nonprofit
Michael Parks Jr.,java,sales
Kimberly Pope,cloudcomputing presentationskills java financialmodeling,software transportation finance
Madison Pacheco,communicationskills fullstackdevelopment marketing,operations software healthcare
Patricia Williams,webdevelopment,manufacturing operations
Adam Hernandez,python projectmanagement,agriculture telecommunications
Stephen Howe,ruby java,informationtechnology manufacturing retail
Alexis Morrow,python,mining education other
Joshua Vincent,webdevelopment networking communicationskills ruby,government media
Corey Ward,productmanagement,education
Anthony Little,strategicplanning cloudcomputing,nonprofit
Samantha Crawford,marketresearch cloudcomputing,realestate
David Perez,datascience,agriculture construction informationtechnology
Arthur George,leadership java negotiation databasemanagement,education
Melinda Wise,networking,humanresources researchanddevelopment accounting
Crystal Duffy,javascript productmanagement networking python cloudcomputing,retail
John Davenport,python c++ fullstackdevelopment,telecommunications transportation
Philip Murphy,operationsmanagement,manufacturing
Rachel Carney,marketing communicationskills python datascience,transportation informationtechnology sales
Shannon Gillespie,negotiation networking,healthcare legal finance
Kyle Allen,devops datascience,operations healthcare hospitality
William Johnson,cloudcomputing businessdevelopment databasemanagement,mining
Megan Lam,cloudcomputing,operations
Michael Wade,mobileappdevelopment ui/uxdesign businessdevelopment,humanresources marketing
Gabrielle Smith,fullstackdevelopment,researchanddevelopment
Carolyn Marks,projectmanagement leadership machinelearning presentationskills,accounting
John Wilson,communicationskills sales machinelearning marketing,healthcare hospitality other
David Hogan,machinelearning,healthcare
Michael Flores,sales networking ui/uxdesign webdevelopment,entertainment
Jeanette Robinson,communicationskills datascience projectmanagement negotiation,manufacturing
Matthew Murphy MD,presentationskills financialmodeling productmanagement operationsmanagement databasemanagement,construction finance nonprofit
Tammy Daniels,cloudcomputing productmanagement networking datascience leadership,energy financialservices
Shawn Mckinney,cloudcomputing businessdevelopment,nonprofit agriculture energy
William Martinez,python financialmodeling ruby sales,construction informationtechnology marketing
Hailey Thompson,networking communicationskills leadership projectmanagement,retail education construction
Mr. Jason Richardson DDS,mobileappdevelopment,customerservice
Tina Robertson,networking businessdevelopment operationsmanagement communicationskills,other mining
Michael Velasquez,javascript financialmodeling presentationskills,financialservices
David Rich,financialmodeling,telecommunications
Maria Shaffer,communicationskills financialmodeling marketresearch operationsmanagement,legal
Crystal Owens,businessdevelopment marketing sales machinelearning,government financialservices entertainment
Carl Adams,databasemanagement negotiation,accounting manufacturing customerservice
Laura Rogers,javascript projectmanagement,hospitality finance
Annette Carson,ui/uxdesign,legal
Melissa Brandt MD,businessdevelopment c++,informationtechnology government sales
Jose Guzman,presentationskills devops datascience,operations
Amy Tran,communicationskills,accounting customerservice other
Mark Griffin,cloudcomputing ruby datascience databasemanagement marketresearch,operations government marketing
Daniel Murphy,devops machinelearning ui/uxdesign financialmodeling sales,finance marketing hospitality
Jason Hicks,presentationskills networking sales webdevelopment marketing,mining researchanddevelopment
Jamie Johnson,cloudcomputing leadership sales,entertainment hospitality
Joshua Roberts,strategicplanning devops datascience javascript python,energy hospitality agriculture
David Price,negotiation machinelearning marketresearch projectmanagement,accounting
Lorraine Jacobs,ruby python operationsmanagement strategicplanning businessdevelopment,sales
Emily Allen,devops ui/uxdesign cloudcomputing operationsmanagement,humanresources
Jesus Terrell,sales fullstackdevelopment ruby,construction legal
Joseph Scott,operationsmanagement machinelearning,finance financialservices
Meagan Murphy,financialmodeling python strategicplanning devops,informationtechnology agriculture legal
Alejandro Ingram,marketresearch cloudcomputing,media mining nonprofit
Francisco Valencia,financialmodeling communicationskills webdevelopment presentationskills fullstackdevelopment,retail customerservice
Jennifer Sandoval,machinelearning datascience marketresearch,legal realestate marketing
Robin Jordan,businessdevelopment,hospitality customerservice
Travis Dixon,ui/uxdesign operationsmanagement marketing projectmanagement,operations
Denise Johnson,fullstackdevelopment productmanagement python devops,media realestate mining
Daniel Vazquez,marketing communicationskills datascience,government nonprofit customerservice
William Smith,java networking projectmanagement,energy
Robert Ray,java,legal
Sarah Manning,fullstackdevelopment negotiation,customerservice energy
Jeffery Richards,presentationskills leadership,media telecommunications
Ashley Lewis,negotiation devops,energy sales
Brian Nguyen,marketresearch,media
Riley Palmer,devops,construction
Mary Potter,communicationskills,agriculture financialservices software
Patricia Parker,databasemanagement presentationskills webdevelopment sales python,media transportation entertainment
Lisa Riley,java devops networking,sales marketing operations
Madison Lang,strategicplanning c++,education nonprofit entertainment
Benjamin Williams,marketing javascript,mining telecommunications
James Maldonado,cloudcomputing strategicplanning negotiation databasemanagement sales,government transportation accounting
Stephanie Wells,c++ operationsmanagement businessdevelopment marketing,agriculture humanresources financialservices
William Patrick DVM,java leadership c++ fullstackdevelopment productmanagement,humanresources financialservices
Heather Miller,webdevelopment python financialmodeling java strategicplanning,nonprofit informationtechnology customerservice
Elizabeth George,mobileappdevelopment,retail informationtechnology accounting
Angela Moore,marketresearch strategicplanning sales,media
Laura Anderson,leadership cloudcomputing webdevelopment,software
Lori Pollard,marketing networking python,construction
Kim Escobar,communicationskills networking c++ operationsmanagement projectmanagement,hospitality
Ryan Myers,javascript financialmodeling,hospitality
Kelly Herrera,projectmanagement ui/uxdesign productmanagement strategicplanning machinelearning,accounting nonprofit healthcare
Laura Ramirez,communicationskills mobileappdevelopment,realestate
Rebecca Francis,leadership presentationskills datascience businessdevelopment machinelearning,accounting nonprofit customerservice
Rickey Davis,ui/uxdesign,retail transportation financialservices
Allison Jackson,machinelearning,healthcare operations
Jessica Wood,devops mobileappdevelopment machinelearning fullstackdevelopment negotiation,retail
Stephanie Cunningham,devops,informationtechnology other government
Barbara Gonzalez,projectmanagement machinelearning javascript leadership,researchanddevelopment finance
Kelly Alexander,databasemanagement,construction
John Wiley,negotiation,telecommunications
Christian Lynch,businessdevelopment strategicplanning leadership fullstackdevelopment cloudcomputing,telecommunications
Jillian George,mobileappdevelopment c++,financialservices
Michaela Sanchez,businessdevelopment mobileappdevelopment strategicplanning,nonprofit
Lisa Williams,sales negotiation marketing c++ leadership,telecommunications sales humanresources
Lauren Fisher,ruby presentationskills mobileappdevelopment strategicplanning networking,retail
Sandra Mccormick,machinelearning,nonprofit healthcare
Michael Jenkins,operationsmanagement ui/uxdesign java,government
Kimberly Ford,databasemanagement operationsmanagement,media realestate
Mark Johnson,marketresearch networking negotiation marketing,telecommunications
Richard Jackson,strategicplanning communicationskills ui/uxdesign devops mobileappdevelopment,customerservice education
Kelly Smith,java devops cloudcomputing ruby ui/uxdesign,energy
Brian Green,javascript datascience presentationskills communicationskills leadership,legal
Christine Casey,marketing,legal humanresources healthcare
Mary Rodriguez,strategicplanning,software transportation
Michelle Ross,presentationskills ui/uxdesign communicationskills networking,transportation retail
Howard Hogan,fullstackdevelopment productmanagement ruby python databasemanagement,informationtechnology sales
Jon Watson,python presentationskills,education hospitality transportation
Louis Cruz,marketing datascience c++ python,customerservice telecommunications accounting
Jose Lopez,machinelearning projectmanagement,researchanddevelopment marketing realestate
Jason Harris,communicationskills,agriculture sales
Paul Lawrence,communicationskills strategicplanning,telecommunications customerservice
Steven Mendez,sales webdevelopment mobileappdevelopment python presentationskills,realestate
Christopher Yang,sales java financialmodeling devops projectmanagement,accounting mining construction
Jennifer Ingram,cloudcomputing fullstackdevelopment financialmodeling ui/uxdesign,retail energy finance
William Powers,datascience presentationskills javascript c++ negotiation,construction sales
Jermaine Hughes,financialmodeling c++,media legal
Charles Washington,java cloudcomputing databasemanagement webdevelopment,marketing media
Dana Mcdonald,leadership,finance media customerservice
Brooke Bennett MD,ui/uxdesign sales fullstackdevelopment,finance mining
Amanda Matthews,mobileappdevelopment productmanagement leadership networking python,humanresources hospitality
Austin Campbell,mobileappdevelopment,legal retail entertainment
Nicholas Fitzgerald,marketing databasemanagement,construction government nonprofit
George Hicks,java operationsmanagement strategicplanning negotiation,entertainment financialservices education
Taylor Callahan,operationsmanagement networking,entertainment
Tracy Anderson,communicationskills operationsmanagement,humanresources software legal
Rebecca Wilson,productmanagement negotiation,researchanddevelopment
Cheryl Delacruz,python productmanagement networking cloudcomputing mobileappdevelopment,software informationtechnology
Robin Baldwin,financialmodeling,manufacturing media mining
Beverly Miller,negotiation,sales realestate
Mario Jackson,c++ javascript marketing,finance education agriculture
Christopher Barrera,python strategicplanning ui/uxdesign productmanagement,media hospitality researchanddevelopment
Donna Martin,java,manufacturing entertainment mining
Helen Bryant,ui/uxdesign,entertainment manufacturing telecommunications
Michelle Hill,negotiation ruby ui/uxdesign sales,software other
Aaron Bryant,devops ruby leadership,finance
Timothy Morgan,machinelearning,agriculture software researchanddevelopment
Craig Harris,sales c++ python machinelearning java,other financialservices
Jack Benton,marketing,financialservices accounting
Raymond Morrison,operationsmanagement databasemanagement negotiation leadership communicationskills,sales
Carla Cordova,projectmanagement ui/uxdesign java machinelearning ruby,informationtechnology manufacturing
Crystal Lane,datascience,operations
Michelle Young,java,healthcare realestate accounting
Alexander Lopez,networking fullstackdevelopment java communicationskills,marketing
Robert Wilson,devops businessdevelopment webdevelopment,education software government
Jessica Greene,financialmodeling,energy
James Green,fullstackdevelopment strategicplanning,legal
John Hendricks,financialmodeling,retail construction legal
Kim Marks,cloudcomputing productmanagement financialmodeling,agriculture legal
Jennifer Curtis,fullstackdevelopment businessdevelopment negotiation devops,retail informationtechnology software
Richard Casey,ui/uxdesign marketresearch webdevelopment presentationskills fullstackdevelopment,legal media entertainment
Jerry Colon,mobileappdevelopment java databasemanagement devops javascript,media telecommunications
Jonathon Walker,fullstackdevelopment mobileappdevelopment communicationskills,operations
Michael Carroll,networking devops presentationskills,other sales realestate
Jason Gonzales,machinelearning devops leadership strategicplanning,agriculture
Rhonda Smith,javascript projectmanagement productmanagement,telecommunications agriculture sales
Molly Nelson,leadership ruby operationsmanagement python,nonprofit agriculture
William Scott,financialmodeling businessdevelopment,other
Raymond Stuart,machinelearning sales devops operationsmanagement,education construction telecommunications
Amber Brown,machinelearning networking ui/uxdesign,realestate
Andrew Moss,datascience webdevelopment ruby machinelearning leadership,manufacturing
Jennifer Robles MD,python businessdevelopment negotiation financialmodeling,government energy other
Samuel Everett,fullstackdevelopment,hospitality
Jennifer Edwards,leadership marketresearch python,government
Ashley Sampson,java,mining
Alex Bailey,python mobileappdevelopment,construction
Jonathan Roach,cloudcomputing strategicplanning,mining humanresources
Kelly Jefferson,ruby presentationskills businessdevelopment mobileappdevelopment devops,financialservices nonprofit
Caitlin Williams,negotiation machinelearning,legal
Jesse Williams,marketresearch leadership,education
Gabriel Costa,communicationskills financialmodeling javascript ui/uxdesign negotiation,hospitality healthcare
Mr. Benjamin Cook,communicationskills databasemanagement webdevelopment c++ marketresearch,education
Samuel Horne,presentationskills javascript,nonprofit entertainment telecommunications
Jason Johnson,sales devops,entertainment
Timothy Perry,ruby,customerservice construction
Amanda Moore,javascript negotiation ui/uxdesign datascience,transportation accounting
Russell Cruz,presentationskills fullstackdevelopment machinelearning leadership financialmodeling,legal energy realestate
Frank Johnson,sales fullstackdevelopment datascience,financialservices nonprofit manufacturing
Misty Jackson,financialmodeling presentationskills python ui/uxdesign,legal sales
Paul Jones,financialmodeling mobileappdevelopment marketresearch operationsmanagement businessdevelopment,manufacturing legal
Krista Anderson,ui/uxdesign python presentationskills javascript java,financialservices healthcare
Jason Taylor Jr.,ui/uxdesign marketresearch datascience,finance retail
Charles Conner,cloudcomputing python,entertainment construction marketing
Kenneth Sanders,machinelearning c++ cloudcomputing python,retail informationtechnology government
Kelsey Lynch,financialmodeling python businessdevelopment webdevelopment marketresearch,humanresources
Patrick Keller,devops c++ cloudcomputing communicationskills,customerservice accounting informationtechnology
Brandi Mays,fullstackdevelopment python,hospitality
Jason Arnold,datascience,financialservices customerservice
William Henderson,ruby,government marketing
Krista Downs,c++ presentationskills operationsmanagement marketresearch leadership,sales humanresources
Danielle Rivera,communicationskills presentationskills productmanagement ruby,customerservice
Alexandria Sparks,machinelearning,retail nonprofit manufacturing
Audrey Guzman,negotiation,energy humanresources financialservices
Angela Wright,c++ webdevelopment networking devops,financialservices media other
Jennifer Harrison,javascript sales ruby mobileappdevelopment,telecommunications transportation
Felicia Walker,financialmodeling communicationskills negotiation marketing javascript,energy
Dr. Kyle Salazar,databasemanagement java,financialservices marketing nonprofit
Michelle Anderson,databasemanagement,transportation media
Ronald Clark,projectmanagement leadership fullstackdevelopment,realestate mining healthcare
Jose Finley,datascience,retail accounting entertainment
Susan Blair,networking communicationskills strategicplanning ruby operationsmanagement,accounting
Kevin Brown,mobileappdevelopment c++,legal retail transportation
Erin Lynn,productmanagement businessdevelopment,transportation financialservices government
David Grant,marketresearch,mining entertainment finance
Nicholas Wilson,databasemanagement strategicplanning marketresearch negotiation,financialservices agriculture manufacturing
Tammy Calhoun,networking webdevelopment strategicplanning,customerservice transportation
Stephanie Scott,marketing,government sales
Betty Smith,c++ productmanagement,researchanddevelopment operations
Kathryn Sandoval,businessdevelopment networking python,agriculture healthcare
Aaron Greene MD,strategicplanning leadership,realestate marketing
Bryan Cannon,businessdevelopment mobileappdevelopment devops presentationskills,government
Sarah Mann,webdevelopment javascript machinelearning,government mining energy
Jonathan Pope,leadership negotiation fullstackdevelopment,researchanddevelopment software telecommunications
Ashley Macias,leadership,telecommunications
Crystal Cole,marketresearch fullstackdevelopment,financialservices hospitality media
Laurie Miller,projectmanagement datascience,healthcare
Thomas Baxter,fullstackdevelopment negotiation marketresearch productmanagement webdevelopment,media
Lauren Hale,mobileappdevelopment projectmanagement operationsmanagement marketing networking,marketing government construction
Sarah Jackson,financialmodeling javascript ui/uxdesign,accounting customerservice
Zachary Williams,projectmanagement python,informationtechnology other researchanddevelopment
Anita Cox,productmanagement marketresearch,retail healthcare
Gary Humphrey,machinelearning,financialservices hospitality healthcare
Allison Rivera,devops marketing databasemanagement,financialservices
Tony Reyes,fullstackdevelopment mobileappdevelopment java,researchanddevelopment
Linda Marshall,cloudcomputing,marketing
Mrs. Maria Murphy DVM,marketing,software
Nicolas Martinez,c++ mobileappdevelopment,healthcare
Holly Thomas,ruby,manufacturing marketing government
Juan Barnes,businessdevelopment marketing projectmanagement,legal construction
Dawn Gallagher,sales,government
Kenneth Wright,python presentationskills marketing sales,other telecommunications media
Dalton Ryan,businessdevelopment mobileappdevelopment databasemanagement,transportation marketing
Scott Dyer,ruby webdevelopment negotiation mobileappdevelopment,finance transportation realestate
John Mitchell,ui/uxdesign webdevelopment cloudcomputing,other
Dean Cunningham MD,java databasemanagement sales webdevelopment,manufacturing
Nicole Hall,communicationskills,transportation media
Kimberly Berry,webdevelopment negotiation communicationskills,accounting
Andrew Mitchell,devops,energy
David Mason,strategicplanning presentationskills cloudcomputing,finance
Heather Johnson,communicationskills python,healthcare informationtechnology
Andrew Bates,presentationskills networking businessdevelopment negotiation,hospitality humanresources
Mary Burns,mobileappdevelopment businessdevelopment javascript presentationskills networking,nonprofit
Erik Johnson,ruby datascience,finance
Patricia Evans,mobileappdevelopment,healthcare media agriculture
Troy Cook,c++ marketing python machinelearning,agriculture retail hospitality
Heidi Barr,python,energy
Margaret Yang,ruby javascript,healthcare researchanddevelopment entertainment
Michelle Gonzalez,businessdevelopment fullstackdevelopment,other agriculture education
Michelle Stewart,cloudcomputing datascience strategicplanning,telecommunications mining healthcare
Todd Bush,presentationskills,hospitality
Paul Lopez,financialmodeling sales marketing,customerservice telecommunications
Angela Gibson,datascience projectmanagement strategicplanning,sales operations transportation
Timothy Gaines,marketresearch negotiation,construction
Jessica Beck,mobileappdevelopment python negotiation c++,humanresources construction entertainment
Sharon Medina,mobileappdevelopment marketresearch sales cloudcomputing networking,healthcare
John Gonzales,operationsmanagement,customerservice researchanddevelopment
Marc Green,networking productmanagement datascience,agriculture media
Daniel Mason,datascience cloudcomputing webdevelopment python,finance
Kenneth Lopez,c++ python,realestate informationtechnology humanresources
Deborah Adams,fullstackdevelopment,nonprofit financialservices
Natalie Ho,javascript ui/uxdesign,retail humanresources construction
Jonathan Bennett,presentationskills financialmodeling,marketing customerservice
Victoria Ayala,marketing financialmodeling javascript,healthcare media telecommunications
Lisa Burns,operationsmanagement negotiation productmanagement strategicplanning datascience,transportation
Colleen Harris,marketing negotiation,operations
Larry Pittman,financialmodeling,researchanddevelopment
Amanda Benitez,ruby projectmanagement cloudcomputing,mining
Chad Simpson,python,software healthcare humanresources
Alexis Carter,leadership productmanagement javascript,government
Linda Juarez,machinelearning,transportation
Tammy Moss,productmanagement,researchanddevelopment mining realestate
Sarah Kerr,datascience cloudcomputing python marketing,hospitality
Suzanne Diaz,cloudcomputing projectmanagement,construction sales
Christine Hall,datascience operationsmanagement productmanagement databasemanagement,accounting mining retail
Jason Lindsey,sales fullstackdevelopment ruby webdevelopment,other marketing finance
Sabrina Wang,devops,other agriculture manufacturing
April Smith,strategicplanning machinelearning ui/uxdesign,media
Pamela Quinn,networking projectmanagement,realestate humanresources
Joshua Lee,operationsmanagement c++ devops machinelearning mobileappdevelopment,education informationtechnology
Dr. Ashley Lopez,ruby,telecommunications
Jessica Myers,networking c++ datascience leadership webdevelopment,transportation telecommunications
Victor Nicholson,c++,government
Brandi Mckenzie,fullstackdevelopment,healthcare researchanddevelopment
Anne Moran DVM,marketresearch machinelearning communicationskills,construction retail
Elizabeth Collins,ruby marketing webdevelopment negotiation,researchanddevelopment manufacturing
Kimberly Gray,leadership datascience financialmodeling ui/uxdesign,finance
Joel Flores,productmanagement marketing,other
David Ponce,negotiation businessdevelopment,sales media nonprofit
James Ruiz,databasemanagement marketing,transportation
Janice Melton,webdevelopment networking negotiation,energy transportation
Kylie Turner,communicationskills marketing webdevelopment databasemanagement operationsmanagement,telecommunications nonprofit
Brandi Doyle,leadership javascript,sales telecommunications
Diana Anderson,projectmanagement ruby,media education customerservice
Amy Hudson,operationsmanagement financialmodeling databasemanagement networking,marketing manufacturing media
Janet Kelly,c++ databasemanagement businessdevelopment,healthcare nonprofit
Joseph Harvey,cloudcomputing operationsmanagement,customerservice
Dalton Houston,strategicplanning networking ui/uxdesign c++ projectmanagement,energy marketing
Daniel Martin,leadership financialmodeling productmanagement networking,accounting
David Johnson,ui/uxdesign databasemanagement projectmanagement leadership sales,manufacturing
Douglas Hill,cloudcomputing,researchanddevelopment manufacturing
Tara Hernandez,productmanagement devops networking strategicplanning,entertainment financialservices humanresources
Kristen Martinez,productmanagement webdevelopment mobileappdevelopment,media
Dawn Thomas,machinelearning databasemanagement devops mobileappdevelopment,accounting software retail
Mitchell Watson,sales,transportation agriculture researchanddevelopment
Danny Briggs,projectmanagement financialmodeling presentationskills,accounting
Emily Miller,strategicplanning,humanresources construction operations
Danielle Scott,machinelearning devops negotiation databasemanagement businessdevelopment,agriculture
Courtney Miranda,productmanagement projectmanagement strategicplanning,realestate legal
Trevor Schneider,leadership communicationskills,telecommunications
Connie Smith,strategicplanning machinelearning,researchanddevelopment
Regina Smith,productmanagement,nonprofit
Jacob Bass,financialmodeling sales strategicplanning,energy
Angela Wilson,projectmanagement,agriculture
Rachel Johnson,devops networking,retail energy operations
Katherine Garcia,python projectmanagement businessdevelopment negotiation,healthcare entertainment
James Zavala,projectmanagement ui/uxdesign businessdevelopment datascience marketresearch,mining
Donna Payne,projectmanagement operationsmanagement java webdevelopment businessdevelopment,operations
Natalie Barnett,networking databasemanagement ui/uxdesign,nonprofit
James Fields,mobileappdevelopment java databasemanagement,energy
Jamie Bridges,c++,hospitality other
Tanya Blackwell,productmanagement businessdevelopment ruby financialmodeling c++,manufacturing entertainment healthcare
Alicia Lee,marketing devops ruby financialmodeling,customerservice accounting
Drew Shaffer,marketing javascript strategicplanning,entertainment researchanddevelopment
Holly Bryan,datascience strategicplanning projectmanagement,financialservices
Cynthia Owens,java networking marketresearch leadership,humanresources
Melissa Robinson,devops ui/uxdesign databasemanagement,energy
Kelly Salinas,communicationskills presentationskills networking,realestate financialservices
Scott Smith,leadership presentationskills strategicplanning ruby,other
Brittany Lewis,fullstackdevelopment marketresearch c++ ui/uxdesign,researchanddevelopment customerservice
Lisa Nelson,businessdevelopment databasemanagement,software media government
David Booth,mobileappdevelopment productmanagement,mining informationtechnology
Marisa Thompson,productmanagement cloudcomputing projectmanagement,informationtechnology telecommunications government
Earl Buckley,leadership c++,government transportation
Cheryl Watson,communicationskills marketing datascience financialmodeling,operations mining customerservice
Jonathan Garcia,c++ ruby,telecommunications entertainment other
Terri Coffey,databasemanagement operationsmanagement financialmodeling,hospitality
James Wilson,strategicplanning,realestate
Paul Pierce,projectmanagement networking operationsmanagement databasemanagement,mining
Justin Blanchard,c++ javascript businessdevelopment mobileappdevelopment,legal
Mr. Kevin White,communicationskills networking python ruby productmanagement,nonprofit healthcare
Taylor Steele,marketing projectmanagement devops,entertainment legal media
Debra White,ruby networking,transportation agriculture
Christina Scott,marketing mobileappdevelopment,hospitality
Cindy Hardy,negotiation financialmodeling leadership projectmanagement,customerservice
Christopher Morrison,strategicplanning python fullstackdevelopment,researchanddevelopment nonprofit
Michael Nielsen,machinelearning ruby ui/uxdesign communicationskills networking,finance mining healthcare
George Sharp,databasemanagement marketresearch,government other
Tracy Salazar,databasemanagement webdevelopment businessdevelopment,media telecommunications
Jared Moore,financialmodeling webdevelopment,retail
Antonio Wright,datascience java python,humanresources telecommunications other
Keith Coleman,businessdevelopment,financialservices
Lauren Harmon,java ui/uxdesign sales communicationskills,transportation researchanddevelopment
John Owens,leadership devops cloudcomputing,finance marketing
Michael Lewis,sales financialmodeling,sales agriculture humanresources
Nicole Moore,productmanagement java,realestate
Alexander Woods,devops leadership,financialservices
Phyllis Holmes,leadership,financialservices telecommunications customerservice
Alexis Jones,operationsmanagement,operations transportation
Stephen Hernandez,sales java,healthcare legal
Michael Hull,presentationskills,hospitality financialservices
Russell Lee PhD,financialmodeling networking,manufacturing nonprofit
Matthew Peterson,projectmanagement productmanagement devops,retail government
Edward Montes Jr.,operationsmanagement marketing communicationskills marketresearch,construction transportation
Kevin Hoffman,javascript sales c++,marketing other customerservice
Nicole Christian,java communicationskills machinelearning fullstackdevelopment,transportation legal manufacturing
Gary Garcia,presentationskills,finance other education
Albert Richards,operationsmanagement python datascience,customerservice financialservices
Darius Ferrell,devops ruby marketresearch,retail accounting
William Reynolds,marketing ruby ui/uxdesign fullstackdevelopment marketresearch,legal
Brian Turner,networking marketing strategicplanning businessdevelopment productmanagement,agriculture media
Cassandra Ryan,financialmodeling,humanresources
Candice Rose,strategicplanning java python ui/uxdesign cloudcomputing,sales accounting manufacturing
Kristina Harper,presentationskills financialmodeling networking ui/uxdesign projectmanagement,operations financialservices software
Luis Stuart,mobileappdevelopment cloudcomputing presentationskills,education government researchanddevelopment
Rachel Garcia,mobileappdevelopment networking,manufacturing
Luke Dillon,businessdevelopment sales,telecommunications
Kathryn Donaldson,productmanagement java devops,other mining
Gloria Manning,networking sales cloudcomputing operationsmanagement,construction
Timothy Washington,fullstackdevelopment java javascript databasemanagement,legal hospitality
Jill Bailey,marketresearch financialmodeling c++ strategicplanning,agriculture transportation
Nicole Nelson,ui/uxdesign strategicplanning fullstackdevelopment datascience c++,entertainment realestate retail
Gregory King,ui/uxdesign financialmodeling python mobileappdevelopment webdevelopment,transportation operations realestate
Charles Jones,businessdevelopment networking machinelearning,realestate energy
Roger Woods,strategicplanning,media accounting
Lee Cooper,devops,manufacturing education
Jordan Colon,sales,energy
Jaime Cannon,fullstackdevelopment strategicplanning productmanagement projectmanagement,accounting
Cheryl Stanton,databasemanagement marketresearch projectmanagement ui/uxdesign javascript,mining transportation
Lisa Alexander,ui/uxdesign c++ marketing datascience mobileappdevelopment,media realestate financialservices
Kimberly Watts,ruby presentationskills negotiation datascience projectmanagement,mining manufacturing media
Sandra Saunders,fullstackdevelopment devops databasemanagement,healthcare
Michael Gibbs,marketresearch operationsmanagement communicationskills,humanresources nonprofit
Ralph Lyons,javascript devops communicationskills operationsmanagement,agriculture
Jeanette Young,networking databasemanagement python,realestate finance education
Tiffany Grant,networking devops fullstackdevelopment,healthcare
Reginald Huffman,sales leadership,manufacturing media
Rebecca Burton,webdevelopment c++ fullstackdevelopment communicationskills,entertainment legal
William Johnson,cloudcomputing,operations transportation hospitality
Jose Torres,productmanagement java,other
Matthew Lucas,financialmodeling,marketing legal customerservice
Theresa Taylor,projectmanagement python,financialservices marketing
Christina Smith,fullstackdevelopment webdevelopment sales,construction marketing
Jennifer Randall,productmanagement,nonprofit marketing
Brandon Long,businessdevelopment sales datascience,entertainment
Melissa Turner,cloudcomputing,customerservice finance researchanddevelopment
Shane Roman,leadership operationsmanagement cloudcomputing marketing fullstackdevelopment,entertainment
Ryan Blake,databasemanagement ruby cloudcomputing,accounting financialservices
Alan Navarro,marketing presentationskills,marketing education
Adrienne Walker,c++ python productmanagement fullstackdevelopment sales,informationtechnology marketing
Deborah Sharp,machinelearning c++ java python marketing,informationtechnology
Jessica Mcguire,presentationskills webdevelopment java cloudcomputing,sales
Alyssa Baker,networking negotiation fullstackdevelopment,accounting hospitality mining
Lisa Powell,python mobileappdevelopment operationsmanagement,customerservice operations mining
Autumn Bird,marketresearch communicationskills,mining healthcare
William Hess,financialmodeling webdevelopment,other government transportation
Melissa Murray,marketresearch networking databasemanagement,transportation mining
James Huang,fullstackdevelopment machinelearning sales financialmodeling,operations
Christina Luna,businessdevelopment javascript datascience marketing networking,manufacturing
James Dodson,sales projectmanagement c++,energy
Shawn Freeman,ruby businessdevelopment mobileappdevelopment,telecommunications marketing nonprofit
Megan Jackson,marketresearch c++ sales cloudcomputing leadership,manufacturing
Carrie Payne,ui/uxdesign machinelearning,retail government
Aaron Jones,businessdevelopment leadership cloudcomputing c++,transportation informationtechnology
Calvin Browning,sales machinelearning marketresearch leadership marketing,realestate legal
Timothy Suarez,communicationskills leadership mobileappdevelopment,entertainment hospitality realestate
Bradley Robbins,java financialmodeling c++ javascript,agriculture customerservice
Jay Andrews,machinelearning productmanagement sales,marketing transportation nonprofit
Devin Alexander,leadership,customerservice accounting
David Martin,java javascript productmanagement leadership python,informationtechnology operations
Laura Richardson,productmanagement presentationskills financialmodeling projectmanagement ruby,government
Melinda Sharp,ui/uxdesign,researchanddevelopment
Matthew Woods,javascript sales productmanagement fullstackdevelopment devops,nonprofit humanresources operations
David Davis,mobileappdevelopment,construction humanresources
Julie Johnson,c++ presentationskills javascript productmanagement cloudcomputing,software
John Carson,machinelearning productmanagement marketresearch ruby,retail
Stanley Pham,businessdevelopment machinelearning,marketing telecommunications education
Kathryn Moore,networking webdevelopment leadership mobileappdevelopment,realestate entertainment
Scott Davis,productmanagement python presentationskills businessdevelopment,nonprofit software healthcare
Laura Smith,cloudcomputing,hospitality education
Anthony Fuentes,presentationskills financialmodeling ruby ui/uxdesign leadership,customerservice mining nonprofit
Heather Miller,ruby webdevelopment strategicplanning,legal operations
Stacy Lawrence,c++ projectmanagement marketing operationsmanagement ui/uxdesign,nonprofit researchanddevelopment
Jessica Carroll,datascience,other energy
Nathan Martinez,negotiation leadership javascript,education customerservice operations
Rebecca Harper,marketing,media construction software
Jo Hood,machinelearning webdevelopment java,government humanresources
Jesus Moore,financialmodeling productmanagement,transportation
James Chapman,marketresearch marketing networking,education realestate
Jordan Garcia,webdevelopment operationsmanagement cloudcomputing networking machinelearning,media
Gary Flynn,businessdevelopment ruby c++ machinelearning cloudcomputing,nonprofit software
Valerie Green,businessdevelopment leadership datascience ruby networking,entertainment mining
Victoria Johnston,cloudcomputing communicationskills,government software finance
Courtney Cook,python datascience devops machinelearning webdevelopment,construction
Timothy Franklin,machinelearning mobileappdevelopment strategicplanning webdevelopment businessdevelopment,realestate
Robert Carroll,negotiation,informationtechnology
Todd Miller,productmanagement operationsmanagement businessdevelopment,humanresources software
David Moore,webdevelopment databasemanagement productmanagement devops,education nonprofit sales
Randy Brady,cloudcomputing,retail researchanddevelopment
Robert Hanson,businessdevelopment javascript communicationskills negotiation,sales healthcare realestate
Christine Woodard,webdevelopment leadership negotiation,healthcare
Christine Nicholson,webdevelopment operationsmanagement cloudcomputing networking projectmanagement,finance
Kristina Eaton,projectmanagement sales javascript,software mining
Scott Franklin,ruby networking,hospitality marketing
Robert Glenn,ui/uxdesign datascience,humanresources media
Jeffrey Lee,mobileappdevelopment c++ python ui/uxdesign networking,informationtechnology
Heather Marquez,javascript,accounting
Christine Jones,java ruby,mining
Suzanne Reeves,strategicplanning java marketresearch productmanagement ruby,retail entertainment
Richard Mills,webdevelopment marketresearch,operations
Christopher Dodson,sales,nonprofit
Matthew Kennedy,ruby businessdevelopment projectmanagement strategicplanning,transportation financialservices telecommunications
Sean King,leadership datascience operationsmanagement,media manufacturing
Patrick Burns,presentationskills mobileappdevelopment,media realestate
Marissa Burns,javascript marketresearch java,media marketing retail
Terry Stokes,leadership productmanagement marketresearch communicationskills ui/uxdesign,other
Andre Powell,databasemanagement devops java communicationskills datascience,entertainment construction
Kevin Rodriguez,marketresearch productmanagement financialmodeling datascience,customerservice manufacturing sales
Paul Owens,operationsmanagement fullstackdevelopment databasemanagement python,retail legal
Nathan White,c++ marketresearch ui/uxdesign,realestate
Scott Chavez,c++ sales,software
Alex Walker,ruby cloudcomputing,humanresources informationtechnology marketing
Matthew Miller,c++ datascience machinelearning operationsmanagement,healthcare
Brittany Hubbard,operationsmanagement fullstackdevelopment sales businessdevelopment,manufacturing
Troy Anderson,fullstackdevelopment ui/uxdesign webdevelopment,healthcare
Joshua Nelson,python devops presentationskills java,nonprofit
Patrick Fletcher,cloudcomputing webdevelopment strategicplanning javascript machinelearning,media customerservice manufacturing
Donald Murphy,ui/uxdesign operationsmanagement negotiation databasemanagement devops,construction informationtechnology entertainment
Kimberly Klein,devops,nonprofit media realestate
Lindsey White,operationsmanagement databasemanagement networking python,customerservice finance construction
Mrs. Ashley Wilson,webdevelopment leadership ruby networking productmanagement,retail hospitality sales
Benjamin Vance,c++ mobileappdevelopment marketresearch sales python,retail operations media
Michael Johnson,webdevelopment marketresearch fullstackdevelopment,legal
Michael Johnson,webdevelopment,mining
Brady Cooper,businessdevelopment sales,media
Diane Lee,marketing java devops,customerservice legal
Charles Peterson,businessdevelopment javascript,software realestate construction
David Dunn,sales,legal
Rhonda Miles,strategicplanning,mining government marketing
Alexander Cannon,negotiation,healthcare realestate
Ashley Beltran,marketresearch projectmanagement businessdevelopment,mining marketing
Vicki Green,webdevelopment productmanagement,humanresources
Jeremy Wilkerson,networking datascience communicationskills c++,entertainment
Kelly Hall,datascience,realestate
Miss Amanda Wang,communicationskills,telecommunications
Dominique Lopez,ui/uxdesign leadership operationsmanagement mobileappdevelopment networking,agriculture
Ashley May,leadership businessdevelopment projectmanagement presentationskills cloudcomputing,agriculture hospitality government
Betty Patel,projectmanagement ui/uxdesign machinelearning databasemanagement leadership,researchanddevelopment education finance
Darius Mcmahon,python communicationskills webdevelopment,sales construction
Anna Coleman,python,healthcare construction
Maria Robertson,devops marketresearch leadership financialmodeling,healthcare financialservices
Katie Anderson,java negotiation strategicplanning,government construction education
Richard Barker,c++,customerservice transportation
Joshua Luna,marketresearch financialmodeling fullstackdevelopment,education healthcare media
Mrs. Jennifer Ortiz DDS,negotiation businessdevelopment operationsmanagement databasemanagement strategicplanning,government entertainment marketing
Alex Vance,c++ devops,entertainment
Jeffrey Brown,cloudcomputing java marketresearch,education realestate
Danielle Walls,ruby python,financialservices retail customerservice
Toni Hanson,mobileappdevelopment financialmodeling operationsmanagement machinelearning,transportation
Scott Rocha,strategicplanning mobileappdevelopment businessdevelopment,realestate media
Amy Gallagher,mobileappdevelopment,entertainment software
David Anderson,communicationskills mobileappdevelopment,agriculture
Keith Mccall,fullstackdevelopment cloudcomputing ruby marketing leadership,manufacturing accounting realestate
Nathan Holt,communicationskills,humanresources
Alexander Gardner,ui/uxdesign cloudcomputing,construction entertainment transportation
Michelle Gonzalez,communicationskills negotiation,customerservice
Adam Black,leadership negotiation networking,education government media
Jerry Hays,python fullstackdevelopment presentationskills networking java,marketing researchanddevelopment informationtechnology
Mrs. Michelle Zimmerman MD,cloudcomputing projectmanagement java communicationskills operationsmanagement,accounting
Lisa Chen,marketing,education telecommunications
Kevin Scott,communicationskills sales devops webdevelopment mobileappdevelopment,media
Kelly Curry,leadership,financialservices
David Jensen,projectmanagement javascript mobileappdevelopment devops,other government
Amber Monroe,datascience c++ financialmodeling,informationtechnology agriculture customerservice
Margaret Jacobs,devops javascript businessdevelopment webdevelopment,nonprofit
Jessica Fox,c++ marketresearch devops databasemanagement python,energy
Robert Randolph,datascience,humanresources
Henry Robinson,machinelearning,legal
Yesenia Campbell,python ui/uxdesign sales productmanagement strategicplanning,telecommunications
Lauren Chambers,mobileappdevelopment leadership c++,informationtechnology government software
Jennifer Jones,projectmanagement negotiation financialmodeling,education software
Rebecca Kelley,networking ui/uxdesign operationsmanagement communicationskills,energy entertainment informationtechnology
Mark Sutton,java javascript,transportation construction
Manuel Pacheco,fullstackdevelopment presentationskills,accounting realestate
Hannah Sullivan,devops javascript ruby leadership c++,manufacturing energy financialservices
Donna Burgess,networking,financialservices
Ryan Johnson,datascience mobileappdevelopment devops productmanagement financialmodeling,operations
Lisa Kelley,cloudcomputing c++ webdevelopment ui/uxdesign,nonprofit legal
Brandon Weaver,marketing presentationskills,transportation software telecommunications
James Leonard,projectmanagement c++ operationsmanagement,legal marketing
Mark Morales,mobileappdevelopment,sales media
Elizabeth Parker,communicationskills,telecommunications realestate mining
Robert Dean,python devops,accounting
Danielle Torres,c++,humanresources
Brian Waller,marketing javascript businessdevelopment,other
Andrew Villegas,marketing marketresearch sales,retail government finance
Ariel Costa,ui/uxdesign webdevelopment,legal energy construction
